Team,Seed,Elimination Round,Reg Season Wins,Reg Conf Place,Conf Tourney Place,Region,Day of 1st Round Game,Preseason AP Rank,Final AP Rank,Tuition,Number of Students,PPG,PPG Rank,PPG Tourney Rank,ASM,ASM Rank,ASM Tourney Rank,Off Efficiency,Off Efficiency Rank,Off Efficiency Tourney Rank,Shooting %,Shooting % Rank,Shooting % Tourney Rank,3PS%,3PS% Rank,3PS% Tourney Rank,2PS%,2PS% Rank,2PS% Tourney Rank,FT%,FT% Rank,FT% Tourney Rank,RPG,RPG Rank,RPG Tourney Rank,TOPG,Least TOPG Rank,Least TOPG Tourney Rank,OPPG,Least OPPG Rank,Least OPPG Tourney Rank,Def Efficiency,Least Def Eff Rank,Least Def Eff Tourney Rank,OeFG%,OeFG% Rank,OeFG% Tourney Rank,DeFG%,DeFG% Rank,DeFG% Tourney Rank,OREB%,OREB% Rank,OREB% Tourney Rank,DREB%,DREB% Rank,DREB% Tourney Rank,OTOV%,OTOV% Rank,OTOV% Tourney Rank,DTOV%,DTOV% Rank,DTOV% Tourney Rank,OFTA/FGA,OFTA/FGA Rank,OFTA/FGA Tourney Rank,DFTA/FGA,DFTA/FGA Rank,DFTA/FGA Tourney Rank,FastPace,FastPace Rank,FastPace Tourney Rank,AdjO,AdjO Rank,AdjO Tourney Rank,AdjD,AdjD Rank,AdjD Tourney Rank,Net,Net Tourney Rank,SOS Net Rank,SOS Net Tourney Rank,Elo,Elo Rank,Elo Tourney Rank,Kenpom,Kenpom Rank,Kenpom Tourney Rank,Sagarin,Sagarin Rank,Sagarin Tourney Rank,10 Year Drought,Highest Seed in Program History
Connecticut,4,1,24,4,4,West,Friday,,10,"$37,698 ","27,215",78.5,21,13,13.4,5,5,1.114,10,8,0.46,70,27,0.357,91,27,0.534,56,22,0.754,47,14,39,12,4,12.9,231,57,65,36,18,0.923,14,9,0.535,44,18,0.455,11,5,0.38,1,1,0.776,31,10,0.157,169,53,0.172,93,30,0.314,179,41,0.387,321,63,70.4,159,37,119.4,6,5,94.1,18,16,8,8,42,25,1677.82,17,17,25.37,4,4,90.07,6,6,0,0
San Diego State,5,2,24,1,1,South,Thursday,19,18,"$17,622 ","36,334",71.3,163,57,7.5,40,27,1.043,105,47,0.441,182,58,0.344,160,44,0.494,220,61,0.736,118,31,35.5,108,37,11.7,102,35,63.8,26,12,0.933,26,17,0.501,206,60,0.475,46,27,0.307,62,23,0.762,69,23,0.151,103,39,0.173,83,28,0.343,92,27,0.294,130,27,68.4,257,53,111.9,64,45,91.7,10,9,14,14,48,30,1739.49,11,11,20.25,14,14,85.19,28,28,0,0
Miami (FL),5,4,24,1,4,Midwest,Friday,,16,"$53,112 ","17,809",79.4,19,12,7.3,43,30,1.123,8,6,0.486,11,8,0.368,44,17,0.549,21,10,0.776,17,4,34.6,162,47,11.3,68,25,72.1,224,59,1.02,208,64,0.55,20,12,0.513,220,59,0.302,70,27,0.734,182,45,0.142,54,23,0.159,166,46,0.3,227,49,0.241,15,6,70.7,148,31,118.2,12,11,103.3,132,53,35,35,81,43,1676.16,18,18,14.91,40,38,84.18,35,33,0,0
FAU,9,4,28,1,1,East,Friday,,25,"$14,374 ","30,805",78.2,26,16,12.9,7,7,1.107,14,12,0.468,37,17,0.372,30,10,0.543,32,14,0.718,181,41,38.3,21,11,11.5,81,29,65.3,40,19,0.925,16,11,0.55,19,11,0.459,15,7,0.289,112,36,0.773,42,15,0.145,69,29,0.162,148,42,0.295,240,52,0.267,56,14,70.6,152,34,114.3,32,27,96,36,27,13,13,152,46,1704.55,14,14,18.23,26,26,83.66,42,39,1,1
Texas,2,8,23,2,1,Midwest,Thursday,12,5,"$40,996 ","50,476",77.9,30,19,10.4,14,13,1.073,49,32,0.468,38,18,0.339,180,49,0.538,46,18,0.752,52,15,34.3,184,53,11.7,100,34,67.4,88,32,0.929,22,15,0.527,65,26,0.478,57,30,0.275,152,42,0.733,188,48,0.144,64,28,0.2,17,6,0.315,175,40,0.345,257,49,72.6,58,12,116.6,18,17,92,11,10,7,7,6,5,1762.88,8,8,24.57,6,6,90.46,5,5,0,0
Gonzaga,3,8,26,2,1,West,Friday,2,9,"$47,560 ","7,295",86.5,1,1,12.6,8,8,1.18,1,1,0.522,1,1,0.384,12,7,0.589,2,2,0.702,245,54,36.3,63,20,10.5,25,12,73.9,262,63,1.008,174,60,0.585,2,2,0.517,245,63,0.295,94,30,0.766,58,19,0.128,10,7,0.167,121,36,0.342,95,28,0.267,57,15,73.3,43,8,124,1,1,99.7,76,44,6,6,56,32,1793.34,3,3,24.31,8,8,90.47,4,4,0,0
Kansas State,3,8,23,3,8,East,Friday,,15,"$25,560 ","20,854",75.5,65,30,6.5,59,41,1.028,139,58,0.453,97,39,0.34,174,46,0.518,103,37,0.75,61,18,35.7,101,35,14.4,328,66,69,131,43,0.94,38,22,0.515,123,43,0.475,48,28,0.29,106,34,0.73,208,51,0.175,293,65,0.18,56,20,0.37,46,13,0.367,298,59,73.5,39,7,112.5,52,39,94.2,19,17,24,24,16,10,1619.14,34,32,18.31,24,24,85.34,25,25,0,0
Creighton,6,8,20,3,4,South,Friday,9,,"$42,618 ","8,770",76.6,40,23,8.2,29,22,1.08,36,25,0.467,40,19,0.36,77,23,0.545,30,13,0.767,30,8,37.2,41,16,11.6,88,30,68.5,119,39,0.965,72,34,0.543,27,14,0.473,42,25,0.244,245,55,0.781,20,7,0.148,89,34,0.127,350,67,0.281,289,58,0.198,2,2,71,134,29,114.6,28,24,94,15,13,17,17,26,17,1625.66,32,30,20.65,13,13,87.63,11,11,0,0
Alabama,1,16,26,1,1,South,Thursday,20,1,"$30,250 ","37,840",82.2,5,4,13.7,3,3,1.076,44,29,0.446,158,56,0.338,187,51,0.546,29,12,0.726,147,34,44.4,1,1,14.1,316,65,68.5,120,40,0.897,5,4,0.527,67,27,0.415,1,1,0.324,21,11,0.758,85,30,0.161,204,60,0.138,318,62,0.367,50,15,0.328,225,44,76.4,4,2,116.1,19,18,88.6,3,3,2,2,10,7,1807.76,2,2,27.54,3,3,92.23,1,1,0,1
Houston,1,16,29,1,2,Midwest,Thursday,3,2,"$20,877 ","47,090",75,76,34,18.5,1,1,1.13,5,4,0.462,63,25,0.345,153,40,0.532,61,23,0.719,175,39,38.8,14,6,9.9,13,8,56.5,2,1,0.851,1,1,0.527,70,28,0.425,3,3,0.372,3,3,0.762,72,24,0.127,9,6,0.193,23,10,0.285,273,56,0.358,286,57,66.4,333,63,118.4,11,10,89.6,4,4,1,1,92,45,1807.94,1,1,28.82,1,1,91.85,2,2,0,0
UCLA,2,16,27,1,2,West,Thursday,8,7,"$41,196 ","44,589",73.9,100,39,13.6,4,4,1.073,48,31,0.458,79,32,0.347,143,38,0.504,181,55,0.722,162,36,35.8,89,28,10.3,20,10,60.3,6,5,0.875,3,3,0.509,170,55,0.468,27,14,0.32,34,17,0.752,107,34,0.13,13,10,0.208,7,3,0.271,316,63,0.276,77,21,68.9,236,50,114.9,25,21,87.2,1,1,3,3,46,28,1785.69,4,4,27.63,2,2,91.21,3,3,0,0
Xavier,3,16,23,2,2,Midwest,Friday,,13,"$42,230 ","7,061",81.4,6,5,7.4,42,29,1.107,15,13,0.494,5,4,0.395,3,2,0.54,38,17,0.714,202,45,37.7,28,15,12.6,205,52,74.1,267,64,1.007,172,59,0.556,11,7,0.504,171,51,0.3,73,28,0.768,51,18,0.153,113,42,0.146,263,57,0.308,206,45,0.271,66,18,73.5,38,6,119.3,9,8,99.6,70,40,22,22,31,19,1663.89,22,22,19.69,16,16,86.5,16,16,0,0
Tennessee,4,16,22,5,8,East,Thursday,11,20,"$29,522 ","30,559",71.8,154,54,13.8,2,2,1.055,78,45,0.437,213,60,0.329,227,57,0.509,150,47,0.714,203,46,38.5,17,9,12.1,139,41,58,3,2,0.853,2,2,0.503,196,58,0.424,2,2,0.359,5,5,0.756,89,33,0.152,108,41,0.194,20,9,0.309,201,43,0.349,268,52,68,275,54,112.7,49,37,88,2,2,4,4,32,20,1614.33,37,33,24.71,5,5,89.28,9,9,0,0
Michigan State,7,16,19,4,8,East,Friday,,,"$41,290 ","49,695",70.2,189,62,2.8,119,62,1.036,117,52,0.45,133,49,0.395,4,3,0.477,279,65,0.762,37,10,35.7,100,34,10.9,44,18,67.4,86,30,0.994,135,50,0.516,121,42,0.481,71,37,0.239,259,57,0.764,66,22,0.145,71,30,0.129,342,65,0.258,334,65,0.286,108,23,67.8,291,55,113.4,41,32,96.7,40,30,33,33,7,6,1578.22,49,42,16.71,32,32,84.93,30,30,0,0
Arkansas,8,16,19,10,8,West,Thursday,10,,"$24,482 ","27,562",74.4,91,38,7,51,35,1.033,124,53,0.475,24,13,0.317,304,62,0.537,47,19,0.69,287,60,35.2,125,44,12.9,229,56,67.4,87,31,0.936,32,18,0.52,95,35,0.465,23,12,0.289,111,35,0.747,126,38,0.16,199,58,0.179,61,23,0.387,28,7,0.389,327,65,72,79,18,112.6,51,38,94,16,14,21,21,17,11,1585.37,47,40,18.63,20,20,85.76,23,23,0,0
Princeton,15,16,19,2,1,South,Thursday,,,"$56,010 ","7,853",75,78,35,6.1,62,42,1.062,67,40,0.455,91,37,0.34,177,47,0.535,52,21,0.713,205,47,38.3,19,10,11.7,99,33,68.9,127,42,0.976,90,39,0.525,74,30,0.48,70,36,0.264,187,49,0.782,18,6,0.148,90,35,0.128,349,66,0.322,155,38,0.293,125,26,70.6,155,36,109.1,103,54,103.5,137,54,111,60,264,57,1539.05,77,59,5.57,112,58,76.31,107,57,0,0
Kansas,1,32,25,1,2,West,Thursday,5,4,"$26,960 ","26,744",74.9,79,36,7,53,37,1.041,109,48,0.466,44,21,0.344,158,42,0.529,69,27,0.717,186,42,35.9,82,26,12.4,185,48,67.9,105,35,0.943,43,25,0.524,76,31,0.471,35,18,0.267,180,47,0.739,159,42,0.153,121,43,0.177,66,24,0.298,232,50,0.312,183,39,72,78,17,114.6,29,25,91.5,7,6,9,9,1,1,1779.06,6,6,23.14,9,9,89.95,7,7,0,0
Marquette,2,32,25,1,1,East,Friday,,6,"$44,970 ","11,550",79.9,15,9,9.4,20,17,1.108,13,11,0.487,9,7,0.348,137,36,0.588,5,3,0.721,170,37,31.9,304,65,10.7,36,17,70.6,176,51,0.978,93,41,0.56,8,5,0.511,210,57,0.239,261,58,0.693,324,67,0.135,26,13,0.197,18,7,0.271,317,64,0.29,119,24,72.2,71,15,119.3,8,7,97.5,47,35,12,12,45,27,1781.82,5,5,21.83,12,12,87.51,12,12,0,1
Baylor,3,32,22,4,8,South,Friday,5,11,"$50,232 ","19,297",77.2,36,22,6.9,54,38,1.105,16,14,0.447,156,55,0.372,32,12,0.508,156,49,0.749,62,19,34.5,172,49,12.3,181,46,70.3,164,48,1.006,170,58,0.531,53,21,0.514,231,61,0.322,24,12,0.701,308,63,0.155,140,47,0.172,89,29,0.372,40,12,0.314,186,40,69.8,188,42,121.9,2,2,101.9,104,47,15,15,2,2,1656.45,23,23,19.98,15,15,87.36,13,13,0,0
Indiana,4,32,21,3,4,Midwest,Friday,13,21,"$36,932 ","43,064",75,74,33,6.6,57,40,1.071,51,33,0.49,7,6,0.37,34,14,0.532,62,24,0.712,207,48,35.8,92,30,11.6,88,30,68.5,116,38,0.977,92,40,0.538,36,17,0.473,41,24,0.259,200,50,0.739,167,43,0.15,95,37,0.142,297,60,0.301,221,48,0.306,166,36,70.1,180,40,114.7,27,23,97.3,43,33,30,30,12,9,1643.99,26,26,17.36,30,30,86.21,18,18,0,0
Duke,5,32,23,4,1,East,Thursday,7,12,"$58,085 ","16,172",72.5,128,48,8.6,27,20,1.078,41,27,0.451,120,45,0.336,193,52,0.514,118,39,0.77,25,6,38.7,15,7,12,131,40,63.9,28,13,0.95,51,27,0.511,157,53,0.464,22,11,0.353,7,7,0.764,64,21,0.154,126,44,0.146,265,58,0.308,204,44,0.241,16,7,67.3,309,58,113.2,42,33,94.8,24,19,16,16,57,33,1767.1,7,7,18.49,21,21,87.34,14,14,0,0
Saint Mary's College,5,32,25,1,2,West,Friday,,19,"$51,568 ","3,439",71,171,59,11,12,12,1.081,35,24,0.457,85,33,0.367,45,18,0.509,149,46,0.691,282,59,35.4,114,39,10.5,27,14,60,4,3,0.914,10,7,0.525,73,29,0.467,26,13,0.311,55,22,0.801,3,2,0.141,49,19,0.171,95,31,0.312,189,42,0.303,155,33,65.7,346,67,113.5,40,31,91.6,9,8,11,11,77,41,1674.8,20,20,21.9,11,11,86.43,17,17,0,0
Kentucky,6,32,21,3,8,East,Friday,4,,"$30,245 ","29,986",75.1,73,32,7,49,33,1.086,30,21,0.459,77,31,0.354,103,29,0.504,183,56,0.703,237,51,39,13,5,11.7,92,32,68,107,36,0.984,107,43,0.512,149,51,0.488,93,41,0.372,4,4,0.778,26,8,0.144,63,27,0.148,246,55,0.325,137,36,0.299,147,31,69.1,227,46,117.4,14,13,99.6,71,41,26,26,25,16,1651.78,25,25,17.8,28,28,85.95,20,20,0,0
TCU,6,32,20,6,4,West,Friday,14,22,"$51,570 ","11,379",75.2,71,31,7.3,44,31,1.037,116,51,0.457,86,34,0.306,339,66,0.519,94,35,0.701,249,55,35.7,98,33,12.2,158,44,67.9,102,34,0.937,36,21,0.502,202,59,0.478,60,31,0.313,49,20,0.715,271,59,0.147,82,32,0.191,25,11,0.339,98,29,0.297,140,29,72.5,60,13,112.4,53,40,94.3,20,18,28,28,11,8,1608.94,40,36,18.06,27,27,85.95,21,21,0,0
Missouri,7,32,23,4,4,South,Thursday,,23,"$28,992 ","31,089",79.5,18,11,4.9,79,54,1.102,17,15,0.473,25,14,0.361,75,22,0.559,13,7,0.758,42,13,30.3,345,68,11.3,66,24,74.6,280,66,1.034,244,66,0.551,17,10,0.523,275,65,0.255,212,52,0.642,363,68,0.141,52,22,0.207,9,4,0.295,243,53,0.352,277,55,72.2,72,16,119.3,10,9,105.4,178,60,42,40,35,21,1641.21,28,27,13.92,51,43,82.38,52,42,0,0
Northwestern,7,32,21,2,8,West,Thursday,,,"$60,276 ","22,603",67.7,254,66,5.2,76,52,1.004,191,65,0.406,337,68,0.321,279,60,0.465,317,68,0.751,54,16,34.6,166,48,9.8,10,6,62.5,16,7,0.927,18,13,0.472,320,66,0.484,81,39,0.267,181,48,0.76,74,26,0.128,11,8,0.191,27,12,0.297,236,51,0.316,194,42,67.4,306,57,108.5,109,55,93.7,13,11,41,39,37,23,1561.3,59,48,14.83,42,39,83.93,40,37,0,1
Maryland,8,32,20,6,8,South,Thursday,,,"$36,683 ","40,709",70.4,183,60,7.2,46,32,1.067,61,36,0.449,142,52,0.33,221,56,0.52,93,34,0.739,105,27,33.8,216,55,10.5,26,13,63.2,23,11,0.957,60,31,0.511,154,52,0.479,61,32,0.288,113,37,0.747,125,37,0.141,48,18,0.162,154,43,0.338,102,32,0.278,85,22,66,338,64,114.1,35,29,95.8,33,25,31,31,36,22,1552.51,67,55,18.37,22,22,85.47,24,24,0,0
Auburn,9,32,20,7,16,Midwest,Thursday,15,,"$30,240 ","30,737",72.7,123,47,5.7,69,46,1.03,133,55,0.441,183,59,0.314,314,63,0.51,144,45,0.702,243,53,36.2,68,22,12.5,190,49,67.1,77,26,0.95,50,26,0.496,224,63,0.456,12,6,0.313,50,21,0.693,322,66,0.155,144,49,0.165,129,38,0.355,67,20,0.391,331,66,70.6,153,35,112.7,48,36,95.2,29,23,32,32,18,12,1564.81,56,46,17.45,29,29,85.32,26,26,0,0
Penn State,10,32,19,10,2,Midwest,Thursday,,,"$34,480 ","91,427",72.3,136,49,3.9,96,58,1.086,31,22,0.464,49,23,0.385,9,5,0.535,51,20,0.738,110,29,32.6,278,61,9,4,2,68.4,115,37,1.027,230,65,0.555,13,9,0.493,114,44,0.173,359,68,0.761,73,25,0.125,8,5,0.116,362,68,0.214,361,68,0.259,38,10,66.6,330,62,116.8,17,16,101.8,101,46,48,42,21,14,1619.18,33,31,15.04,39,37,83.88,41,38,1,0
Pittsburgh,11,32,21,5,8,Midwest,Friday,,,"$34,124 ","32,277",76.1,52,27,5.6,70,47,1.094,23,19,0.453,102,42,0.36,79,25,0.527,72,28,0.761,38,11,36.2,72,24,11.2,57,22,70.5,171,49,1.013,185,62,0.532,49,19,0.492,108,43,0.281,134,40,0.734,187,47,0.143,57,25,0.145,276,59,0.324,141,37,0.306,165,35,69.6,203,43,115.1,24,20,103.8,142,55,67,52,90,44,1558.18,61,50,11.27,77,52,81.54,59,46,0,0
Furman,13,32,24,1,1,South,Thursday,,,"$52,992 ","2,567",80.4,11,6,9,24,18,1.137,4,3,0.476,21,10,0.344,159,43,0.591,1,1,0.735,123,32,35.3,119,41,11,49,20,71.4,201,56,1.01,177,61,0.556,12,8,0.506,181,53,0.287,117,39,0.743,145,39,0.138,36,16,0.161,157,44,0.347,80,23,0.318,207,43,70.7,147,30,114.2,33,28,105.8,183,61,88,53,303,61,1585.7,46,39,8.43,89,53,79.48,80,52,1,0
Fairleigh Dickinson,16,32,17,2,2,East,Friday,,,"$36,960 ","7,479",76.3,47,26,0.3,169,66,1.067,62,37,0.451,121,46,0.344,156,41,0.514,122,41,0.75,59,17,33.2,245,59,11.4,75,28,76,311,67,1.062,298,68,0.515,128,45,0.558,357,68,0.298,84,29,0.729,212,55,0.141,51,21,0.19,29,14,0.279,295,59,0.348,266,51,71.5,107,24,106.2,155,61,118.4,361,68,301,68,363,68,1259.62,258,68,-12.25,312,68,63.87,307,68,0,0
Purdue,1,64,26,1,1,East,Friday,,3,"$28,520 ","46,655",73.1,116,44,10.4,15,14,1.109,12,10,0.459,73,28,0.326,255,59,0.541,35,16,0.743,84,23,38.6,16,8,10.9,48,19,62.7,17,8,0.952,56,29,0.522,90,33,0.472,39,22,0.378,2,2,0.8,4,3,0.142,55,24,0.138,319,63,0.372,39,11,0.193,1,1,65.9,341,65,119.4,7,6,94.8,26,21,5,5,20,13,1740.28,10,10,24.55,7,7,89.16,10,10,0,0
Arizona,2,64,25,2,1,South,Thursday,17,8,"$33,739 ","45,601",82.7,3,2,11.2,11,11,1.111,11,9,0.496,3,3,0.382,14,8,0.566,9,6,0.709,217,49,39.4,8,3,13.4,271,62,71.5,205,57,0.961,67,33,0.568,3,3,0.472,38,21,0.29,105,33,0.757,87,31,0.161,203,59,0.149,242,54,0.365,53,16,0.26,41,11,74.4,23,4,120,4,4,97.1,41,31,10,10,47,29,1744.15,9,9,22.86,10,10,89.86,8,8,0,0
Virginia,4,64,23,2,2,South,Thursday,18,14,"$50,518 ","25,628",67.8,253,65,7.6,38,26,1.06,69,42,0.449,138,51,0.353,104,30,0.504,184,57,0.701,250,56,32,296,62,8.5,1,1,60.3,5,4,0.942,41,24,0.513,140,48,0.483,78,38,0.236,269,60,0.774,36,12,0.12,4,3,0.175,77,26,0.345,84,25,0.261,42,12,64,360,68,111.2,74,48,94.8,25,20,27,27,72,39,1689.67,16,16,16.41,34,34,85.08,29,29,0,0
Iowa State,6,64,18,5,4,Midwest,Friday,,,"$24,136 ","31,822",68.4,234,63,5.7,68,45,1.01,174,62,0.45,134,50,0.339,179,48,0.507,165,52,0.674,317,63,33.5,224,57,13.1,247,60,62.8,18,9,0.926,17,12,0.507,177,56,0.501,152,50,0.319,35,18,0.759,82,29,0.169,260,63,0.223,1,1,0.278,297,60,0.4,338,67,67.8,292,56,109.9,96,51,91.6,8,7,20,20,4,3,1571.98,53,44,18.33,23,23,84.82,32,32,0,0
Texas A&M,7,64,23,2,2,Midwest,Thursday,,17,"$35,378 ","70,418",73.2,111,43,7,52,36,1.063,66,39,0.435,226,62,0.328,245,58,0.49,242,63,0.759,40,12,36.8,54,18,12.3,182,47,66.2,55,21,0.961,66,32,0.49,255,64,0.479,63,33,0.357,6,6,0.719,255,57,0.155,137,46,0.182,47,17,0.459,3,1,0.351,274,54,68.9,237,51,114.5,30,26,96.2,37,28,19,19,43,26,1736.81,12,12,18.28,25,25,86.08,19,19,0,0
Iowa,8,64,19,5,16,Midwest,Thursday,,,"$30,319 ","30,318",80.2,14,8,5.8,66,44,1.118,9,7,0.455,92,38,0.344,163,45,0.521,90,33,0.739,107,28,36.3,63,20,9.9,12,7,74.4,276,65,1.037,252,67,0.519,102,37,0.533,308,67,0.303,67,26,0.741,152,40,0.121,5,4,0.163,142,40,0.326,133,35,0.234,12,5,71.8,90,20,120.5,3,3,104.9,167,59,39,38,23,15,1546.95,71,57,15.6,37,36,84.85,31,31,0,0
Memphis,8,64,23,2,1,East,Friday,,24,"$12,384 ","22,205",79.8,17,10,7.9,35,24,1.061,68,41,0.48,17,9,0.356,99,28,0.531,66,25,0.747,67,20,35.9,84,27,13.5,280,63,71.9,217,58,0.956,59,30,0.532,51,20,0.468,28,15,0.288,116,38,0.698,314,64,0.161,206,61,0.18,57,21,0.359,61,18,0.349,270,53,75.2,14,3,114.7,26,22,96,35,26,23,23,67,37,1714.23,13,13,18.69,19,19,86.53,15,15,0,0
Illinois,9,64,20,7,16,West,Thursday,23,,"$34,444 ","52,679",74.7,86,37,7.7,36,25,1.044,101,46,0.451,125,48,0.309,331,65,0.553,17,9,0.68,307,62,38,26,13,12.8,219,53,67,74,25,0.936,33,19,0.516,120,41,0.469,29,16,0.315,47,19,0.76,80,28,0.156,156,51,0.164,132,39,0.338,100,31,0.296,138,28,71.5,106,23,112.2,58,43,95.7,32,24,34,34,30,18,1547.53,70,56,16.48,33,33,85.3,27,27,0,0
West Virginia,9,64,18,8,8,South,Thursday,,,"$25,824 ","26,269",76.3,45,25,5.3,74,51,1.069,55,35,0.453,100,40,0.348,135,35,0.513,126,42,0.741,91,25,33.8,212,54,13,238,58,71,191,54,0.995,138,52,0.517,116,40,0.507,190,55,0.321,27,14,0.723,234,56,0.16,194,57,0.184,39,15,0.397,20,5,0.384,317,61,71.4,122,27,117.1,15,14,98,52,37,25,25,5,4,1611.14,39,35,19.14,17,17,85.86,22,22,0,0
Boise State,10,64,23,2,4,West,Thursday,,,"$22,452 ","24,069",71.7,156,55,7,49,33,1.038,114,50,0.451,124,47,0.36,81,26,0.507,164,51,0.739,102,26,35.4,111,38,11.3,68,25,64.7,32,15,0.937,35,20,0.519,101,36,0.473,43,26,0.249,228,53,0.784,15,5,0.148,86,33,0.158,173,48,0.307,214,47,0.274,69,19,69,232,47,111,78,49,93.8,14,12,29,29,60,34,1613.76,38,34,17.13,31,31,81.89,56,45,0,0
USC,10,64,22,3,8,East,Friday,,,"$60,446 ","46,287",72.8,120,46,5.5,71,48,1.03,134,56,0.457,88,35,0.345,151,39,0.511,137,44,0.744,83,22,35.3,121,42,12.5,190,49,67.3,81,27,0.952,54,28,0.513,135,47,0.452,9,4,0.267,178,46,0.702,303,62,0.159,181,55,0.154,202,51,0.338,99,30,0.298,142,30,70.7,149,32,113.1,43,34,97.5,48,36,50,44,63,36,1604.16,43,38,15.63,36,35,84.12,36,34,0,0
Utah State,10,64,24,3,2,South,Thursday,,,"$22,517 ","27,691",77.7,32,20,8,31,23,1.1,19,17,0.475,23,12,0.385,11,6,0.542,34,15,0.767,29,7,35.6,103,36,12.1,146,42,69.8,148,46,0.987,114,45,0.556,10,6,0.478,56,29,0.256,207,51,0.776,30,9,0.155,143,48,0.14,307,61,0.355,64,19,0.303,154,32,70.6,150,33,117.8,13,12,98.9,64,38,18,18,73,40,1653.33,24,24,18.88,18,18,84.12,37,35,0,0
Arizona State,11,64,20,6,4,West,Friday,,,"$28,800 ","74,795",70.3,185,61,2.6,124,63,0.978,255,67,0.413,314,67,0.314,315,64,0.479,273,64,0.689,288,61,36.9,49,17,11.8,108,37,67.7,93,33,0.941,40,23,0.475,308,65,0.464,21,10,0.273,159,44,0.706,295,61,0.145,73,31,0.176,72,25,0.308,207,46,0.334,236,46,71.9,82,19,107.6,133,57,95.2,28,22,66,51,55,31,1554.88,62,51,12.38,68,48,80.99,66,48,0,0
North Carolina State,11,64,22,6,8,South,Friday,,,"$27,320 ","36,042",78.2,25,15,7.4,41,28,1.092,24,20,0.453,105,43,0.349,128,34,0.515,114,38,0.72,173,38,36.6,57,19,9.5,7,5,70.8,182,52,0.989,120,47,0.518,108,39,0.498,137,48,0.294,96,31,0.76,76,27,0.117,1,1,0.169,110,33,0.253,340,66,0.34,254,48,71.6,104,22,113.9,37,30,100.6,85,45,45,41,78,42,1576.73,50,43,13.31,55,44,83.25,46,41,0,0
Providence,11,64,21,5,8,East,Friday,,,"$55,040 ","4,821",78.1,28,18,6.8,56,39,1.094,22,18,0.459,75,29,0.351,111,32,0.509,151,48,0.745,74,21,38.3,23,12,11.8,105,36,71.3,198,55,0.999,146,53,0.515,130,46,0.5,148,49,0.328,19,10,0.757,88,32,0.144,62,26,0.148,247,56,0.368,48,14,0.255,31,9,71.4,120,26,116.8,16,15,102.1,108,49,56,48,62,35,1535.27,80,61,14.73,44,41,84.12,38,36,0,0
Charleston,12,64,28,2,1,South,Thursday,,,"$33,978 ","10,384",80.3,13,7,13,6,6,1.101,18,16,0.436,218,61,0.333,211,53,0.529,68,26,0.743,85,24,40.4,3,2,11.9,126,39,67.4,85,29,0.923,13,8,0.515,127,44,0.479,67,34,0.344,12,9,0.768,49,17,0.141,50,20,0.171,100,32,0.327,132,34,0.247,22,8,73,47,10,111.4,70,46,99.6,75,43,51,45,333,66,1676.01,19,19,11.76,73,50,80.69,70,49,0,0
Drake,12,64,24,2,1,Midwest,Friday,,,"$45,734 ","4,774",73.8,102,40,9.5,18,15,1.065,63,38,0.464,51,24,0.367,46,19,0.519,95,36,0.771,20,5,35.2,122,43,10.5,28,15,64.4,31,14,0.929,23,16,0.531,54,22,0.473,40,23,0.233,272,62,0.802,2,1,0.138,35,15,0.159,167,47,0.288,268,55,0.267,53,13,69.3,215,44,109.8,98,52,97.3,44,34,55,47,204,54,1666.87,21,21,12.51,66,47,81.9,55,44,0,0
Oral Roberts,12,64,27,1,1,East,Thursday,,,"$30,300 ","4,317",82.5,4,3,12.5,9,9,1.143,3,2,0.476,22,11,0.37,35,15,0.566,8,5,0.784,10,3,36,77,25,9.3,5,3,69.9,154,47,0.969,75,35,0.561,7,4,0.485,84,40,0.226,296,65,0.75,115,36,0.118,2,2,0.153,213,52,0.246,344,67,0.22,6,4,72.2,70,14,115.3,23,19,102,107,48,36,36,202,53,1638.78,30,29,13.25,56,45,80.49,75,50,0,0
VCU,12,64,24,1,1,West,Friday,,,"$32,742 ","29,070",71.4,160,56,8.5,28,21,1.02,155,61,0.465,45,22,0.347,141,37,0.523,83,30,0.697,266,57,33.3,243,58,13.4,268,61,62.9,20,10,0.898,6,5,0.522,86,32,0.47,32,17,0.268,175,45,0.731,200,50,0.171,277,64,0.21,6,2,0.418,9,3,0.305,160,34,70,181,41,107.2,140,59,94,17,15,53,46,159,49,1701.64,15,15,13.15,58,46,83.45,45,40,0,0
Iona,13,64,24,1,1,West,Friday,,,"$40,628 ","3,590",76.4,43,24,11.4,10,10,1.086,32,23,0.461,67,26,0.36,78,24,0.508,157,50,0.731,131,33,35.7,97,32,10.6,30,16,65,35,17,0.924,15,10,0.518,107,38,0.459,16,8,0.322,26,13,0.717,261,58,0.131,17,11,0.182,48,18,0.29,261,54,0.312,182,38,70.4,164,38,110.9,79,50,99.1,67,39,58,49,309,62,1607.11,41,37,11.71,74,51,79.69,79,51,0,0
Kent State,13,64,25,1,1,Midwest,Friday,,,"$19,876 ","26,822",75.7,59,28,9.4,19,16,1.059,70,43,0.449,143,53,0.332,217,55,0.522,84,31,0.723,158,35,35.2,130,45,11.4,72,27,66.3,58,22,0.928,20,14,0.513,142,49,0.472,37,20,0.293,97,32,0.732,196,49,0.141,46,17,0.197,19,8,0.32,162,39,0.388,325,64,71.5,110,25,108.3,110,56,96.4,38,29,59,50,156,47,1640.01,29,28,11.9,71,49,81.09,65,47,0,0
Louisiana,13,64,23,2,1,East,Thursday,,,"$19,135 ","16,450",75.6,63,29,5,77,53,1.077,42,28,0.472,27,15,0.366,49,20,0.522,85,32,0.672,320,64,35.7,96,31,12.1,148,43,70.5,174,50,1.005,169,57,0.53,55,23,0.506,179,52,0.321,29,15,0.751,111,35,0.151,106,40,0.16,163,45,0.377,36,10,0.338,245,47,70.2,175,39,112.2,57,42,104,146,56,89,54,171,50,1567.75,55,45,8.2,92,54,77.42,97,54,0,0
Grand Canyon,14,64,20,4,1,West,Friday,,,"$16,401 ","103,427",72.3,137,50,3.6,102,60,1.056,76,44,0.452,110,44,0.376,23,9,0.505,171,53,0.715,200,44,35.2,130,45,12.2,165,45,68.7,123,41,1.003,157,55,0.529,63,25,0.472,36,19,0.279,140,41,0.729,209,52,0.16,191,56,0.129,341,64,0.378,35,9,0.332,232,45,68.5,251,52,112.3,54,41,106.3,198,63,104,58,157,48,1537.16,78,60,5.99,109,56,76,112,59,0,1
Kennesaw State,14,64,23,1,1,Midwest,Friday,,,"$14,400 ","25,714",73.7,103,41,2.9,117,61,1.028,138,57,0.459,76,30,0.371,33,13,0.513,127,43,0.663,330,65,34.3,183,52,12.5,201,51,70.8,183,53,0.988,115,46,0.529,62,24,0.512,212,58,0.243,248,56,0.765,63,20,0.159,179,54,0.174,79,27,0.365,55,17,0.362,291,58,71.7,97,21,106.3,153,60,102.7,116,51,115,61,180,51,1554.41,63,52,3.64,127,61,73.1,149,61,0(First time),1
Montana State,14,64,22,1,1,East,Friday,,,"$26,086 ","16,218",71,169,58,4.1,91,57,1.03,132,54,0.456,90,36,0.32,288,61,0.524,80,29,0.763,32,9,31.9,302,63,11.9,117,38,66.9,73,24,0.971,78,37,0.509,166,54,0.495,120,46,0.239,262,59,0.769,48,16,0.157,167,52,0.179,60,22,0.444,5,2,0.356,284,56,68.9,235,49,105.4,170,63,99.6,73,42,103,57,240,56,1552.63,66,54,5.75,110,57,74.72,131,60,0,0
UCSB,14,64,24,2,1,South,Friday,,,"$41,196 ","26,179",71.8,150,52,6.1,63,43,1.07,54,34,0.49,6,5,0.351,112,33,0.547,27,11,0.737,111,30,31.6,313,66,11.1,53,21,65.8,45,20,0.979,98,42,0.541,31,15,0.498,135,47,0.248,233,54,0.774,37,13,0.15,97,38,0.167,118,35,0.349,75,22,0.292,120,25,67.1,316,60,111.3,71,47,104.7,163,58,100,55,297,60,1553.44,64,53,6.64,102,55,76.41,106,56,0,0
Colgate,15,64,23,1,1,Midwest,Thursday,,,"$61,594 ","3,054",78.2,27,17,8.9,25,19,1.13,6,5,0.515,2,2,0.409,1,1,0.571,7,4,0.659,335,67,33.7,217,56,10.2,18,9,69.2,137,44,1.001,148,54,0.586,1,1,0.518,254,64,0.228,292,63,0.776,33,11,0.134,25,12,0.157,181,49,0.277,300,61,0.202,3,3,69.2,225,45,113,44,35,107.7,231,66,101,56,345,67,1560.72,60,49,5.29,114,60,76.13,109,58,0,0
UNC Asheville,15,64,24,1,1,West,Thursday,,,"$21,470 ","3,363",73,118,45,3.7,99,59,1.023,149,59,0.467,41,20,0.388,6,4,0.514,119,40,0.693,277,58,34.3,182,51,13.9,306,64,69.3,138,45,0.971,77,36,0.539,33,16,0.48,68,35,0.233,271,61,0.74,158,41,0.178,309,67,0.156,188,50,0.413,12,4,0.268,58,16,71.3,124,28,104.1,195,64,102.6,115,50,140,62,311,63,1540.38,76,58,1.51,146,62,72.84,154,62,0,0
Vermont,15,64,20,1,1,East,Friday,,,"$41,280 ","13,292",72.2,141,51,5.4,72,49,1.075,46,30,0.471,30,16,0.362,72,21,0.555,16,8,0.703,238,52,31.1,327,67,9.3,6,4,66.7,67,23,0.994,136,51,0.549,21,13,0.507,192,56,0.178,356,67,0.789,11,4,0.129,12,9,0.152,223,53,0.284,278,57,0.269,61,17,67.1,317,61,109.8,99,53,104.4,153,57,109,59,221,55,1563.28,57,47,5.42,113,59,76.74,104,55,0,0
Howard,16,64,19,1,1,West,Thursday,,,"$28,450 ","10,859",73.6,107,42,1,155,65,1.005,189,64,0.453,101,41,0.372,31,11,0.499,201,60,0.716,194,43,35.4,116,40,16.2,359,68,72.6,240,60,0.992,127,49,0.52,93,34,0.506,182,54,0.32,31,16,0.714,273,60,0.195,350,68,0.18,54,19,0.328,129,33,0.346,261,50,73.2,44,9,103.7,204,65,106.9,212,64,214,65,296,59,1428.75,134,64,-3.21,215,65,69,220,65,1,0
Northern Kentucky,16,64,19,4,1,Midwest,Thursday,,,"$20,064 ","16,211",67.2,271,67,2.5,127,64,1.022,153,60,0.426,271,64,0.352,108,31,0.477,282,66,0.704,233,50,31.9,302,63,11.3,63,23,64.7,34,16,0.984,108,44,0.498,218,62,0.513,222,60,0.304,65,25,0.698,315,65,0.15,94,36,0.201,15,5,0.274,309,62,0.308,172,37,65.8,344,66,103.3,217,66,102.8,121,52,154,63,272,58,1476.8,105,63,0.52,161,63,72.62,158,63,0,0
Texas A&M-CC,16,64,21,1,1,South,Thursday,,,"$15,299 ","10,820",78.3,24,14,5.3,73,50,1.078,37,26,0.448,147,54,0.369,38,16,0.49,240,62,0.8,2,1,35.8,90,29,12.8,223,54,72.9,248,62,1.005,166,56,0.512,144,50,0.524,277,66,0.304,64,24,0.729,211,54,0.156,151,50,0.183,41,16,0.344,89,26,0.386,319,62,72.6,57,11,107.4,137,58,107.6,229,65,175,64,331,64,1425.64,138,65,-0.23,170,64,70.24,199,64,0,0
Mississippi State,11,68,20,9,8,Midwest,,,,"$24,790 ","22,986",65.9,306,68,4.9,79,54,0.98,252,66,0.423,287,65,0.266,363,68,0.505,172,54,0.647,346,68,37.8,27,14,12.8,224,55,61,8,6,0.907,8,6,0.469,328,67,0.462,19,9,0.349,8,8,0.729,209,52,0.163,221,62,0.19,28,13,0.346,81,24,0.276,74,20,67.2,313,59,105.5,164,62,91.3,6,5,49,43,38,24,1581.09,48,41,14.12,49,42,82.26,53,43,0,0
Nevada,11,68,22,4,8,West,,,,"$24,013 ","20,722",71.8,151,53,4.5,86,56,1.041,110,49,0.441,181,57,0.338,184,50,0.503,188,58,0.792,6,2,33.2,247,60,10.3,21,11,67.3,84,28,0.975,88,38,0.505,189,57,0.49,101,42,0.203,334,66,0.774,38,14,0.137,29,14,0.166,125,37,0.395,22,6,0.314,187,41,69,234,48,112,61,44,97.2,42,32,37,37,71,38,1519.66,84,62,14.79,43,40,79.21,84,53,0,0
Southeast Missouri,16,68,15,5,1,South,,,,"$14,031 ","10,001",77.2,35,21,-0.5,187,67,1.01,175,63,0.434,233,63,0.333,212,54,0.5,195,59,0.718,180,40,34.4,178,50,13,239,59,77.7,338,68,1.016,193,63,0.5,212,61,0.516,240,62,0.227,294,64,0.734,184,46,0.155,135,45,0.168,115,34,0.383,31,8,0.436,355,68,76.5,3,1,100.9,263,67,108.1,243,67,242,66,332,65,1325.63,207,66,-7.21,257,66,66.74,256,66,1,0
Texas Southern,16,68,11,8,1,East,,,,"$19,677 ","7,015",67.9,250,64,-5,287,68,0.922,343,68,0.421,292,66,0.291,357,67,0.472,298,67,0.66,334,66,36.2,68,22,14.7,333,67,72.9,246,61,0.989,121,48,0.462,336,68,0.493,115,45,0.273,158,43,0.736,174,44,0.176,303,66,0.162,147,41,0.349,74,21,0.381,315,60,73.7,34,5,96.5,330,68,106.2,196,62,294,67,184,52,1279.02,241,67,-9.71,285,67,65.27,283,67,0,0
